Ticker	Date	Price	Model	Actual	Forecast
AMZN	2013-05-01	close	MA	  -1.00	   0.00
AMZN	2013-05-01	close	EWMA	  -1.00	   0.00
AMZN	2013-05-01	close	ARIMA	  -1.00	   0.00
AMZN	2013-05-01	close	KNN	  -1.00	   0.00
AMZN	2013-05-01	close	SAX	  -1.00	   0.00
AMZN	2013-05-01	close	LSTM	  -1.00	   0.00
AMZN	2013-08-01	close	MA	 305.57	 305.03
AMZN	2013-08-01	close	EWMA	 305.57	 303.77
AMZN	2013-08-01	close	ARIMA	 305.57	 300.32
AMZN	2013-08-01	close	KNN	 305.57	 268.94
AMZN	2013-08-01	close	SAX	 305.57	 288.58
AMZN	2013-08-01	close	LSTM	 305.57	  -1.00
AMZN	2013-11-01	close	MA	 359.00	 361.87
AMZN	2013-11-01	close	EWMA	 359.00	 368.36
AMZN	2013-11-01	close	ARIMA	 359.00	 284.52
AMZN	2013-11-01	close	KNN	 359.00	 295.66
AMZN	2013-11-01	close	SAX	 359.00	 304.18
AMZN	2013-11-01	close	LSTM	 359.00	 274.13
AMZN	2014-02-03	close	MA	 346.15	 385.32
AMZN	2014-02-03	close	EWMA	 346.15	 359.95
AMZN	2014-02-03	close	ARIMA	 346.15	 364.74
AMZN	2014-02-03	close	KNN	 346.15	 391.18
AMZN	2014-02-03	close	SAX	 346.15	 391.61
AMZN	2014-02-03	close	LSTM	 346.15	 356.64
AMZN	2014-05-01	close	MA	 307.89	 308.41
AMZN	2014-05-01	close	EWMA	 307.89	 304.68
AMZN	2014-05-01	close	ARIMA	 307.89	 304.16
AMZN	2014-05-01	close	KNN	 307.89	 326.49
AMZN	2014-05-01	close	SAX	 307.89	 344.49
AMZN	2014-05-01	close	LSTM	 307.89	 296.50
AMZN	2014-08-01	close	MA	 307.06	 319.98
AMZN	2014-08-01	close	EWMA	 307.06	 312.99
AMZN	2014-08-01	close	ARIMA	 307.06	 313.37
AMZN	2014-08-01	close	KNN	 307.06	 336.03
AMZN	2014-08-01	close	SAX	 307.06	 337.05
AMZN	2014-08-01	close	LSTM	 307.06	 359.80
AMZN	2014-11-03	close	MA	 305.72	 296.84
AMZN	2014-11-03	close	EWMA	 305.72	 304.47
AMZN	2014-11-03	close	ARIMA	 305.72	 306.35
AMZN	2014-11-03	close	KNN	 305.72	 332.81
AMZN	2014-11-03	close	SAX	 305.72	 319.72
AMZN	2014-11-03	close	LSTM	 305.72	 300.89
AMZN	2015-02-02	close	MA	 364.47	 317.33
AMZN	2015-02-02	close	EWMA	 364.47	 359.17
AMZN	2015-02-02	close	ARIMA	 364.47	 353.94
AMZN	2015-02-02	close	KNN	 364.47	 301.47
AMZN	2015-02-02	close	SAX	 364.47	 305.88
AMZN	2015-02-02	close	LSTM	 364.47	 300.79
AMZN	2015-05-01	close	MA	 422.87	 432.82
AMZN	2015-05-01	close	EWMA	 422.87	 423.38
AMZN	2015-05-01	close	ARIMA	 422.87	 420.35
AMZN	2015-05-01	close	KNN	 422.87	 385.66
AMZN	2015-05-01	close	SAX	 422.87	 381.87
AMZN	2015-05-01	close	LSTM	 422.87	 364.88
AMZN	2015-08-03	close	MA	 535.03	 531.87
AMZN	2015-08-03	close	EWMA	 535.03	 536.27
AMZN	2015-08-03	close	ARIMA	 535.03	 364.39
AMZN	2015-08-03	close	KNN	 535.03	 423.81
AMZN	2015-08-03	close	SAX	 535.03	 444.20
AMZN	2015-08-03	close	LSTM	 535.03	 390.42
AMZN	2015-11-02	close	MA	 628.35	 617.83
AMZN	2015-11-02	close	EWMA	 628.35	 624.39
AMZN	2015-11-02	close	ARIMA	 628.35	 415.63
AMZN	2015-11-02	close	KNN	 628.35	 521.72
AMZN	2015-11-02	close	SAX	 628.35	 539.44
AMZN	2015-11-02	close	LSTM	 628.35	 431.71
AMZN	2016-02-01	close	MA	 574.81	 600.70
AMZN	2016-02-01	close	EWMA	 574.81	 586.16
AMZN	2016-02-01	close	ARIMA	 574.81	 586.52
AMZN	2016-02-01	close	KNN	 574.81	 654.18
AMZN	2016-02-01	close	SAX	 574.81	 630.13
AMZN	2016-02-01	close	LSTM	 574.81	 485.15
AMZN	2016-05-02	close	MA	 683.85	 622.25
AMZN	2016-05-02	close	EWMA	 683.85	 678.99
AMZN	2016-05-02	close	ARIMA	 683.85	 658.67
AMZN	2016-05-02	close	KNN	 683.85	 574.40
AMZN	2016-05-02	close	SAX	 683.85	 626.46
AMZN	2016-05-02	close	LSTM	 683.85	 508.16
AMZN	2016-08-01	close	MA	 767.74	 744.66
AMZN	2016-08-01	close	EWMA	 767.74	 754.36
AMZN	2016-08-01	close	ARIMA	 767.74	 757.73
AMZN	2016-08-01	close	KNN	 767.74	 715.78
AMZN	2016-08-01	close	SAX	 767.74	 709.52
AMZN	2016-08-01	close	LSTM	 767.74	 554.07
AMZN	2016-11-01	close	MA	 785.41	 808.45
AMZN	2016-11-01	close	EWMA	 785.41	 788.43
AMZN	2016-11-01	close	ARIMA	 785.41	 788.98
AMZN	2016-11-01	close	KNN	 785.41	 761.22
AMZN	2016-11-01	close	SAX	 785.41	 827.35
AMZN	2016-11-01	close	LSTM	 785.41	 604.23
AMZN	2017-02-01	close	MA	 832.35	 833.06
AMZN	2017-02-01	close	EWMA	 832.35	 827.78
AMZN	2017-02-01	close	ARIMA	 832.35	 822.79
AMZN	2017-02-01	close	KNN	 832.35	 765.23
AMZN	2017-02-01	close	SAX	 832.35	 778.28
AMZN	2017-02-01	close	LSTM	 832.35	 638.38
AMZN	2017-05-01	close	MA	 948.23	 913.54
AMZN	2017-05-01	close	EWMA	 948.23	 927.60
AMZN	2017-05-01	close	ARIMA	 948.23	 924.42
AMZN	2017-05-01	close	KNN	 948.23	 861.20
AMZN	2017-05-01	close	SAX	 948.23	 898.38
AMZN	2017-05-01	close	LSTM	 948.23	 678.80
AMZN	2017-08-01	close	MA	 992.27	1029.30
AMZN	2017-08-01	close	EWMA	 992.27	 988.21
AMZN	2017-08-01	close	ARIMA	 992.27	 987.20
AMZN	2017-08-01	close	KNN	 992.27	 969.54
AMZN	2017-08-01	close	SAX	 992.27	 976.78
AMZN	2017-08-01	close	LSTM	 992.27	 732.71
AMZN	2017-11-01	close	MA	1103.68	1052.48
AMZN	2017-11-01	close	EWMA	1103.68	1106.20
AMZN	2017-11-01	close	ARIMA	1103.68	1104.23
AMZN	2017-11-01	close	KNN	1103.68	 989.22
AMZN	2017-11-01	close	SAX	1103.68	 992.52
AMZN	2017-11-01	close	LSTM	1103.68	 775.60
CMG	2013-05-01	close	MA	  -1.00	   0.00
CMG	2013-05-01	close	EWMA	  -1.00	   0.00
CMG	2013-05-01	close	ARIMA	  -1.00	   0.00
CMG	2013-05-01	close	KNN	  -1.00	   0.00
CMG	2013-05-01	close	SAX	  -1.00	   0.00
CMG	2013-05-01	close	LSTM	  -1.00	   0.00
CMG	2013-08-01	close	MA	 413.81	 406.84
CMG	2013-08-01	close	EWMA	 413.81	 408.62
CMG	2013-08-01	close	ARIMA	 413.81	 410.28
CMG	2013-08-01	close	KNN	 413.81	 364.94
CMG	2013-08-01	close	SAX	 413.81	 372.70
CMG	2013-08-01	close	LSTM	 413.81	 326.57
CMG	2013-11-01	close	MA	 527.60	 526.92
CMG	2013-11-01	close	EWMA	 527.60	 526.06
CMG	2013-11-01	close	ARIMA	 527.60	 381.29
CMG	2013-11-01	close	KNN	 527.60	 416.67
CMG	2013-11-01	close	SAX	 527.60	 448.25
CMG	2013-11-01	close	LSTM	 527.60	  -1.00
CMG	2014-02-03	close	MA	 543.20	 502.32
CMG	2014-02-03	close	EWMA	 543.20	 547.25
CMG	2014-02-03	close	ARIMA	 543.20	 551.56
CMG	2014-02-03	close	KNN	 543.20	 524.63
CMG	2014-02-03	close	SAX	 543.20	 510.44
CMG	2014-02-03	close	LSTM	 543.20	 491.81
CMG	2014-05-01	close	MA	 500.15	 495.25
CMG	2014-05-01	close	EWMA	 500.15	 505.27
CMG	2014-05-01	close	ARIMA	 500.15	 498.13
CMG	2014-05-01	close	KNN	 500.15	 553.34
CMG	2014-05-01	close	SAX	 500.15	 538.49
CMG	2014-05-01	close	LSTM	 500.15	 358.97
CMG	2014-08-01	close	MA	 675.14	 676.06
CMG	2014-08-01	close	EWMA	 675.14	 671.60
CMG	2014-08-01	close	ARIMA	 675.14	 671.79
CMG	2014-08-01	close	KNN	 675.14	 617.74
CMG	2014-08-01	close	SAX	 675.14	 612.80
CMG	2014-08-01	close	LSTM	 675.14	 560.35
CMG	2014-11-03	close	MA	 638.53	 638.70
CMG	2014-11-03	close	EWMA	 638.53	 638.20
CMG	2014-11-03	close	ARIMA	 638.53	 637.19
CMG	2014-11-03	close	KNN	 638.53	 678.93
CMG	2014-11-03	close	SAX	 638.53	 640.84
CMG	2014-11-03	close	LSTM	 638.53	 544.82
CMG	2015-02-02	close	MA	 712.55	 716.22
CMG	2015-02-02	close	EWMA	 712.55	 715.53
CMG	2015-02-02	close	ARIMA	 712.55	 708.87
CMG	2015-02-02	close	KNN	 712.55	 653.69
CMG	2015-02-02	close	SAX	 712.55	 662.82
CMG	2015-02-02	close	LSTM	 712.55	 400.19
CMG	2015-05-01	close	MA	 634.00	 634.45
CMG	2015-05-01	close	EWMA	 634.00	 619.43
CMG	2015-05-01	close	ARIMA	 634.00	 621.24
CMG	2015-05-01	close	KNN	 634.00	 663.42
CMG	2015-05-01	close	SAX	 634.00	 660.65
CMG	2015-05-01	close	LSTM	 634.00	 414.38
CMG	2015-08-03	close	MA	 743.04	 737.41
CMG	2015-08-03	close	EWMA	 743.04	 747.10
CMG	2015-08-03	close	ARIMA	 743.04	 738.68
CMG	2015-08-03	close	KNN	 743.04	 619.53
CMG	2015-08-03	close	SAX	 743.04	 635.30
CMG	2015-08-03	close	LSTM	 743.04	 663.32
CMG	2015-11-02	close	MA	 624.00	 651.91
CMG	2015-11-02	close	EWMA	 624.00	 634.66
CMG	2015-11-02	close	ARIMA	 624.00	 641.16
CMG	2015-11-02	close	KNN	 624.00	 731.72
CMG	2015-11-02	close	SAX	 624.00	 706.40
CMG	2015-11-02	close	LSTM	 624.00	 616.08
CMG	2016-02-01	close	MA	 472.64	 447.80
CMG	2016-02-01	close	EWMA	 472.64	 450.12
CMG	2016-02-01	close	ARIMA	 472.64	 453.94
CMG	2016-02-01	close	KNN	 472.64	 545.84
CMG	2016-02-01	close	SAX	 472.64	 481.34
CMG	2016-02-01	close	LSTM	 472.64	 438.60
CMG	2016-05-02	close	MA	 433.50	 430.12
CMG	2016-05-02	close	EWMA	 433.50	 421.14
CMG	2016-05-02	close	ARIMA	 433.50	 421.73
CMG	2016-05-02	close	KNN	 433.50	 456.03
CMG	2016-05-02	close	SAX	 433.50	 489.39
CMG	2016-05-02	close	LSTM	 433.50	 434.77
CMG	2016-08-01	close	MA	 414.08	 430.59
CMG	2016-08-01	close	EWMA	 414.08	 421.09
CMG	2016-08-01	close	ARIMA	 414.08	 424.55
CMG	2016-08-01	close	KNN	 414.08	 427.62
CMG	2016-08-01	close	SAX	 414.08	 397.65
CMG	2016-08-01	close	LSTM	 414.08	 425.20
CMG	2016-11-01	close	MA	 359.92	 374.62
CMG	2016-11-01	close	EWMA	 359.92	 358.13
CMG	2016-11-01	close	ARIMA	 359.92	 361.24
CMG	2016-11-01	close	KNN	 359.92	 416.63
CMG	2016-11-01	close	SAX	 359.92	 426.90
CMG	2016-11-01	close	LSTM	 359.92	 415.28
CMG	2017-02-01	close	MA	 420.23	 418.85
CMG	2017-02-01	close	EWMA	 420.23	 423.26
CMG	2017-02-01	close	ARIMA	 420.23	 422.01
CMG	2017-02-01	close	KNN	 420.23	 395.27
CMG	2017-02-01	close	SAX	 420.23	 397.91
CMG	2017-02-01	close	LSTM	 420.23	 405.83
CMG	2017-05-01	close	MA	 477.58	 476.00
CMG	2017-05-01	close	EWMA	 477.58	 476.19
CMG	2017-05-01	close	ARIMA	 477.58	 472.63
CMG	2017-05-01	close	KNN	 477.58	 416.87
CMG	2017-05-01	close	SAX	 477.58	 445.90
CMG	2017-05-01	close	LSTM	 477.58	 467.14
CMG	2017-08-01	close	MA	 347.24	 346.67
CMG	2017-08-01	close	EWMA	 347.24	 344.19
CMG	2017-08-01	close	ARIMA	 347.24	 344.63
CMG	2017-08-01	close	KNN	 347.24	 412.49
CMG	2017-08-01	close	SAX	 347.24	 443.95
CMG	2017-08-01	close	LSTM	 347.24	 398.52
CMG	2017-11-01	close	MA	 270.20	 275.08
CMG	2017-11-01	close	EWMA	 270.20	 272.29
CMG	2017-11-01	close	ARIMA	 270.20	 272.52
CMG	2017-11-01	close	KNN	 270.20	 325.11
CMG	2017-11-01	close	SAX	 270.20	 321.85
CMG	2017-11-01	close	LSTM	 270.20	 382.38
NKE	2013-05-01	close	MA	  -1.00	   0.00
NKE	2013-05-01	close	EWMA	  -1.00	   0.00
NKE	2013-05-01	close	ARIMA	  -1.00	   0.00
NKE	2013-05-01	close	KNN	  -1.00	   0.00
NKE	2013-05-01	close	SAX	  -1.00	   0.00
NKE	2013-05-01	close	LSTM	  -1.00	   0.00
NKE	2013-08-01	close	MA	  32.98	  31.35
NKE	2013-08-01	close	EWMA	  32.98	  31.94
NKE	2013-08-01	close	ARIMA	  32.98	  31.42
NKE	2013-08-01	close	KNN	  32.98	  31.83
NKE	2013-08-01	close	SAX	  32.98	  31.29
NKE	2013-08-01	close	LSTM	  32.98	  28.43
NKE	2013-11-01	close	MA	  38.03	  37.90
NKE	2013-11-01	close	EWMA	  38.03	  39.29
NKE	2013-11-01	close	ARIMA	  38.03	  37.85
NKE	2013-11-01	close	KNN	  38.03	  32.86
NKE	2013-11-01	close	SAX	  38.03	  37.66
NKE	2013-11-01	close	LSTM	  38.03	  31.73
NKE	2014-02-03	close	MA	  35.44	  36.32
NKE	2014-02-03	close	EWMA	  35.44	  36.82
NKE	2014-02-03	close	ARIMA	  35.44	  36.41
NKE	2014-02-03	close	KNN	  35.44	  39.43
NKE	2014-02-03	close	SAX	  35.44	  38.52
NKE	2014-02-03	close	LSTM	  35.44	  31.75
NKE	2014-05-01	close	MA	  36.46	  36.32
NKE	2014-05-01	close	EWMA	  36.46	  36.64
NKE	2014-05-01	close	ARIMA	  36.46	  36.46
NKE	2014-05-01	close	KNN	  36.46	  37.65
NKE	2014-05-01	close	SAX	  36.46	  37.90
NKE	2014-05-01	close	LSTM	  36.46	  35.89
NKE	2014-08-01	close	MA	  39.41	  39.10
NKE	2014-08-01	close	EWMA	  39.41	  39.05
NKE	2014-08-01	close	ARIMA	  39.41	  38.54
NKE	2014-08-01	close	KNN	  39.41	  38.57
NKE	2014-08-01	close	SAX	  39.41	  39.00
NKE	2014-08-01	close	LSTM	  39.41	  36.52
NKE	2014-11-03	close	MA	  46.73	  46.20
NKE	2014-11-03	close	EWMA	  46.73	  47.09
NKE	2014-11-03	close	ARIMA	  46.73	  46.40
NKE	2014-11-03	close	KNN	  46.73	  39.30
NKE	2014-11-03	close	SAX	  46.73	  44.24
NKE	2014-11-03	close	LSTM	  46.73	  -1.00
NKE	2015-02-02	close	MA	  45.96	  47.13
NKE	2015-02-02	close	EWMA	  45.96	  46.56
NKE	2015-02-02	close	ARIMA	  45.96	  46.21
NKE	2015-02-02	close	KNN	  45.96	  47.38
NKE	2015-02-02	close	SAX	  45.96	  47.50
NKE	2015-02-02	close	LSTM	  45.96	  39.81
NKE	2015-05-01	close	MA	  50.39	  50.08
NKE	2015-05-01	close	EWMA	  50.39	  49.84
NKE	2015-05-01	close	ARIMA	  50.39	  49.48
NKE	2015-05-01	close	KNN	  50.39	  48.13
NKE	2015-05-01	close	SAX	  50.39	  48.33
NKE	2015-05-01	close	LSTM	  50.39	  44.88
NKE	2015-08-03	close	MA	  57.41	  57.04
NKE	2015-08-03	close	EWMA	  57.41	  57.37
NKE	2015-08-03	close	ARIMA	  57.41	  57.57
NKE	2015-08-03	close	KNN	  57.41	  51.85
NKE	2015-08-03	close	SAX	  57.41	  53.23
NKE	2015-08-03	close	LSTM	  57.41	  47.49
NKE	2015-11-02	close	MA	  65.59	  65.56
NKE	2015-11-02	close	EWMA	  65.59	  65.94
NKE	2015-11-02	close	ARIMA	  65.59	  65.51
NKE	2015-11-02	close	KNN	  65.59	  59.12
NKE	2015-11-02	close	SAX	  65.59	  65.57
NKE	2015-11-02	close	LSTM	  65.59	  32.97
NKE	2016-02-01	close	MA	  63.16	  60.92
NKE	2016-02-01	close	EWMA	  63.16	  62.24
NKE	2016-02-01	close	ARIMA	  63.16	  61.96
NKE	2016-02-01	close	KNN	  63.16	  64.56
NKE	2016-02-01	close	SAX	  63.16	  65.67
NKE	2016-02-01	close	LSTM	  63.16	  53.93
NKE	2016-05-02	close	MA	  59.59	  59.10
NKE	2016-05-02	close	EWMA	  59.59	  59.30
NKE	2016-05-02	close	ARIMA	  59.59	  59.09
NKE	2016-05-02	close	KNN	  59.59	  62.21
NKE	2016-05-02	close	SAX	  59.59	  61.27
NKE	2016-05-02	close	LSTM	  59.59	  55.71
NKE	2016-08-01	close	MA	  55.41	  56.05
NKE	2016-08-01	close	EWMA	  55.41	  55.49
NKE	2016-08-01	close	ARIMA	  55.41	  55.62
NKE	2016-08-01	close	KNN	  55.41	  54.03
NKE	2016-08-01	close	SAX	  55.41	  53.45
NKE	2016-08-01	close	LSTM	  55.41	  56.49
NKE	2016-11-01	close	MA	  49.62	  51.42
NKE	2016-11-01	close	EWMA	  49.62	  50.56
NKE	2016-11-01	close	ARIMA	  49.62	  50.29
NKE	2016-11-01	close	KNN	  49.62	  54.60
NKE	2016-11-01	close	SAX	  49.62	  53.41
NKE	2016-11-01	close	LSTM	  49.62	  51.10
NKE	2017-02-01	close	MA	  53.02	  53.34
NKE	2017-02-01	close	EWMA	  53.02	  53.51
NKE	2017-02-01	close	ARIMA	  53.02	  52.97
NKE	2017-02-01	close	KNN	  53.02	  50.96
NKE	2017-02-01	close	SAX	  53.02	  52.72
NKE	2017-02-01	close	LSTM	  53.02	  51.32
NKE	2017-05-01	close	MA	  54.99	  55.39
NKE	2017-05-01	close	EWMA	  54.99	  55.30
NKE	2017-05-01	close	ARIMA	  54.99	  55.41
NKE	2017-05-01	close	KNN	  54.99	  56.06
NKE	2017-05-01	close	SAX	  54.99	  56.69
NKE	2017-05-01	close	LSTM	  54.99	  51.82
NKE	2017-08-01	close	MA	  59.84	  58.72
NKE	2017-08-01	close	EWMA	  59.84	  59.09
NKE	2017-08-01	close	ARIMA	  59.84	  58.90
NKE	2017-08-01	close	KNN	  59.84	  54.90
NKE	2017-08-01	close	SAX	  59.84	  58.61
NKE	2017-08-01	close	LSTM	  59.84	  57.83
NKE	2017-11-01	close	MA	  55.07	  55.59
NKE	2017-11-01	close	EWMA	  55.07	  55.33
NKE	2017-11-01	close	ARIMA	  55.07	  54.95
NKE	2017-11-01	close	KNN	  55.07	  53.37
NKE	2017-11-01	close	SAX	  55.07	  52.84
NKE	2017-11-01	close	LSTM	  55.07	  52.49
HD	2013-05-01	close	MA	  -1.00	   0.00
HD	2013-05-01	close	EWMA	  -1.00	   0.00
HD	2013-05-01	close	ARIMA	  -1.00	   0.00
HD	2013-05-01	close	KNN	  -1.00	   0.00
HD	2013-05-01	close	SAX	  -1.00	   0.00
HD	2013-05-01	close	LSTM	  -1.00	   0.00
HD	2013-08-01	close	MA	  78.64	  78.81
HD	2013-08-01	close	EWMA	  78.64	  78.67
HD	2013-08-01	close	ARIMA	  78.64	  78.95
HD	2013-08-01	close	KNN	  78.64	  75.06
HD	2013-08-01	close	SAX	  78.64	  77.39
HD	2013-08-01	close	LSTM	  78.64	  69.82
HD	2013-11-01	close	MA	  76.99	  77.12
HD	2013-11-01	close	EWMA	  76.99	  77.37
HD	2013-11-01	close	ARIMA	  76.99	  77.81
HD	2013-11-01	close	KNN	  76.99	  74.61
HD	2013-11-01	close	SAX	  76.99	  75.41
HD	2013-11-01	close	LSTM	  76.99	  71.06
HD	2014-02-03	close	MA	  75.09	  77.59
HD	2014-02-03	close	EWMA	  75.09	  77.44
HD	2014-02-03	close	ARIMA	  75.09	  76.81
HD	2014-02-03	close	KNN	  75.09	  81.50
HD	2014-02-03	close	SAX	  75.09	  80.32
HD	2014-02-03	close	LSTM	  75.09	  75.93
HD	2014-05-01	close	MA	  79.33	  79.67
HD	2014-05-01	close	EWMA	  79.33	  80.02
HD	2014-05-01	close	ARIMA	  79.33	  79.42
HD	2014-05-01	close	KNN	  79.33	  81.03
HD	2014-05-01	close	SAX	  79.33	  79.00
HD	2014-05-01	close	LSTM	  79.33	  78.17
HD	2014-08-01	close	MA	  79.75	  81.14
HD	2014-08-01	close	EWMA	  79.75	  81.29
HD	2014-08-01	close	ARIMA	  79.75	  80.70
HD	2014-08-01	close	KNN	  79.75	  79.47
HD	2014-08-01	close	SAX	  79.75	  80.63
HD	2014-08-01	close	LSTM	  79.75	  80.70
HD	2014-11-03	close	MA	  96.09	  96.70
HD	2014-11-03	close	EWMA	  96.09	  97.25
HD	2014-11-03	close	ARIMA	  96.09	  97.41
HD	2014-11-03	close	KNN	  96.09	  92.87
HD	2014-11-03	close	SAX	  96.09	  89.12
HD	2014-11-03	close	LSTM	  96.09	  76.39
HD	2015-02-02	close	MA	 104.43	 105.66
HD	2015-02-02	close	EWMA	 104.43	 105.63
HD	2015-02-02	close	ARIMA	 104.43	 104.10
HD	2015-02-02	close	KNN	 104.43	  97.34
HD	2015-02-02	close	SAX	 104.43	  99.38
HD	2015-02-02	close	LSTM	 104.43	  81.69
HD	2015-05-01	close	MA	 109.55	 110.27
HD	2015-05-01	close	EWMA	 109.55	 108.39
HD	2015-05-01	close	ARIMA	 109.55	 106.93
HD	2015-05-01	close	KNN	 109.55	 115.32
HD	2015-05-01	close	SAX	 109.55	 114.79
HD	2015-05-01	close	LSTM	 109.55	  97.96
HD	2015-08-03	close	MA	 116.89	 115.55
HD	2015-08-03	close	EWMA	 116.89	 116.64
HD	2015-08-03	close	ARIMA	 116.89	 116.98
HD	2015-08-03	close	KNN	 116.89	 112.59
HD	2015-08-03	close	SAX	 116.89	 113.46
HD	2015-08-03	close	LSTM	 116.89	 102.46
HD	2015-11-02	close	MA	 124.41	 124.11
HD	2015-11-02	close	EWMA	 124.41	 124.13
HD	2015-11-02	close	ARIMA	 124.41	 123.53
HD	2015-11-02	close	KNN	 124.41	 116.38
HD	2015-11-02	close	SAX	 124.41	 121.59
HD	2015-11-02	close	LSTM	 124.41	 107.08
HD	2016-02-01	close	MA	 126.51	 122.70
HD	2016-02-01	close	EWMA	 126.51	 124.92
HD	2016-02-01	close	ARIMA	 126.51	 125.60
HD	2016-02-01	close	KNN	 126.51	 131.42
HD	2016-02-01	close	SAX	 126.51	 124.42
HD	2016-02-01	close	LSTM	 126.51	 112.33
HD	2016-05-02	close	MA	 136.05	 134.67
HD	2016-05-02	close	EWMA	 136.05	 133.60
HD	2016-05-02	close	ARIMA	 136.05	 133.90
HD	2016-05-02	close	KNN	 136.05	 134.15
HD	2016-05-02	close	SAX	 136.05	 134.40
HD	2016-05-02	close	LSTM	 136.05	 116.47
HD	2016-08-01	close	MA	 138.77	 137.15
HD	2016-08-01	close	EWMA	 138.77	 137.01
HD	2016-08-01	close	ARIMA	 138.77	 138.02
HD	2016-08-01	close	KNN	 138.77	 131.31
HD	2016-08-01	close	SAX	 138.77	 133.27
HD	2016-08-01	close	LSTM	 138.77	 120.31
HD	2016-11-01	close	MA	 119.89	 122.78
HD	2016-11-01	close	EWMA	 119.89	 121.41
HD	2016-11-01	close	ARIMA	 119.89	 122.24
HD	2016-11-01	close	KNN	 119.89	 133.16
HD	2016-11-01	close	SAX	 119.89	 130.00
HD	2016-11-01	close	LSTM	 119.89	 123.16
HD	2017-02-01	close	MA	 137.44	 138.06
HD	2017-02-01	close	EWMA	 137.44	 138.79
HD	2017-02-01	close	ARIMA	 137.44	 137.40
HD	2017-02-01	close	KNN	 137.44	 134.86
HD	2017-02-01	close	SAX	 137.44	 134.35
HD	2017-02-01	close	LSTM	 137.44	 125.61
HD	2017-05-01	close	MA	 154.21	 154.27
HD	2017-05-01	close	EWMA	 154.21	 156.02
HD	2017-05-01	close	ARIMA	 154.21	 135.11
HD	2017-05-01	close	KNN	 154.21	 147.32
HD	2017-05-01	close	SAX	 154.21	 147.37
HD	2017-05-01	close	LSTM	 154.21	 129.47
HD	2017-08-01	close	MA	 150.50	 147.81
HD	2017-08-01	close	EWMA	 150.50	 149.45
HD	2017-08-01	close	ARIMA	 150.50	 149.53
HD	2017-08-01	close	KNN	 150.50	 152.83
HD	2017-08-01	close	SAX	 150.50	 148.88
HD	2017-08-01	close	LSTM	 150.50	 133.91
HD	2017-11-01	close	MA	 165.38	 166.43
HD	2017-11-01	close	EWMA	 165.38	 166.21
HD	2017-11-01	close	ARIMA	 165.38	 165.72
HD	2017-11-01	close	KNN	 165.38	 161.47
HD	2017-11-01	close	SAX	 165.38	 164.05
HD	2017-11-01	close	LSTM	 165.38	 138.27
MMM	2013-05-01	close	MA	  -1.00	   0.00
MMM	2013-05-01	close	EWMA	  -1.00	   0.00
MMM	2013-05-01	close	ARIMA	  -1.00	   0.00
MMM	2013-05-01	close	KNN	  -1.00	   0.00
MMM	2013-05-01	close	SAX	  -1.00	   0.00
MMM	2013-05-01	close	LSTM	  -1.00	   0.00
MMM	2013-08-01	close	MA	 118.41	 116.87
MMM	2013-08-01	close	EWMA	 118.41	 118.27
MMM	2013-08-01	close	ARIMA	 118.41	 117.31
MMM	2013-08-01	close	KNN	 118.41	 109.73
MMM	2013-08-01	close	SAX	 118.41	 111.06
MMM	2013-08-01	close	LSTM	 118.41	  -1.00
MMM	2013-11-01	close	MA	 125.90	 125.05
MMM	2013-11-01	close	EWMA	 125.90	 126.14
MMM	2013-11-01	close	ARIMA	 125.90	 125.79
MMM	2013-11-01	close	KNN	 125.90	 121.15
MMM	2013-11-01	close	SAX	 125.90	 120.87
MMM	2013-11-01	close	LSTM	 125.90	 112.09
MMM	2014-02-03	close	MA	 123.90	 129.05
MMM	2014-02-03	close	EWMA	 123.90	 127.42
MMM	2014-02-03	close	ARIMA	 123.90	 128.20
MMM	2014-02-03	close	KNN	 123.90	 126.83
MMM	2014-02-03	close	SAX	 123.90	 126.83
MMM	2014-02-03	close	LSTM	 123.90	 106.98
MMM	2014-05-01	close	MA	 140.81	 137.42
MMM	2014-05-01	close	EWMA	 140.81	 139.34
MMM	2014-05-01	close	ARIMA	 140.81	 139.23
MMM	2014-05-01	close	KNN	 140.81	 132.96
MMM	2014-05-01	close	SAX	 140.81	 134.28
MMM	2014-05-01	close	LSTM	 140.81	 109.23
MMM	2014-08-01	close	MA	 140.75	 143.86
MMM	2014-08-01	close	EWMA	 140.75	 141.54
MMM	2014-08-01	close	ARIMA	 140.75	 140.55
MMM	2014-08-01	close	KNN	 140.75	 143.68
MMM	2014-08-01	close	SAX	 140.75	 145.02
MMM	2014-08-01	close	LSTM	 140.75	 111.13
MMM	2014-11-03	close	MA	 153.30	 151.50
MMM	2014-11-03	close	EWMA	 153.30	 153.54
MMM	2014-11-03	close	ARIMA	 153.30	 153.75
MMM	2014-11-03	close	KNN	 153.30	 142.73
MMM	2014-11-03	close	SAX	 153.30	 144.83
MMM	2014-11-03	close	LSTM	 153.30	 140.76
MMM	2015-02-02	close	MA	 164.42	 164.05
MMM	2015-02-02	close	EWMA	 164.42	 162.23
MMM	2015-02-02	close	ARIMA	 164.42	 162.19
MMM	2015-02-02	close	KNN	 164.42	 157.82
MMM	2015-02-02	close	SAX	 164.42	 159.91
MMM	2015-02-02	close	LSTM	 164.42	 131.16
MMM	2015-05-01	close	MA	 157.68	 157.73
MMM	2015-05-01	close	EWMA	 157.68	 158.87
MMM	2015-05-01	close	ARIMA	 157.68	 156.27
MMM	2015-05-01	close	KNN	 157.68	 166.01
MMM	2015-05-01	close	SAX	 157.68	 167.71
MMM	2015-05-01	close	LSTM	 157.68	 126.47
MMM	2015-08-03	close	MA	 150.12	 150.84
MMM	2015-08-03	close	EWMA	 150.12	 151.53
MMM	2015-08-03	close	ARIMA	 150.12	 151.37
MMM	2015-08-03	close	KNN	 150.12	 156.93
MMM	2015-08-03	close	SAX	 150.12	 156.38
MMM	2015-08-03	close	LSTM	 150.12	 145.73
MMM	2015-11-02	close	MA	 159.92	 157.23
MMM	2015-11-02	close	EWMA	 159.92	 157.40
MMM	2015-11-02	close	ARIMA	 159.92	 157.15
MMM	2015-11-02	close	KNN	 159.92	 149.48
MMM	2015-11-02	close	SAX	 159.92	 147.51
MMM	2015-11-02	close	LSTM	 159.92	 156.48
MMM	2016-02-01	close	MA	 148.73	 145.24
MMM	2016-02-01	close	EWMA	 148.73	 149.71
MMM	2016-02-01	close	ARIMA	 148.73	 150.70
MMM	2016-02-01	close	KNN	 148.73	 154.79
MMM	2016-02-01	close	SAX	 148.73	 153.11
MMM	2016-02-01	close	LSTM	 148.73	 147.17
MMM	2016-05-02	close	MA	 168.34	 167.34
MMM	2016-05-02	close	EWMA	 168.34	 165.57
MMM	2016-05-02	close	ARIMA	 168.34	 167.18
MMM	2016-05-02	close	KNN	 168.34	 158.18
MMM	2016-05-02	close	SAX	 168.34	 158.80
MMM	2016-05-02	close	LSTM	 168.34	 159.32
MMM	2016-08-01	close	MA	 178.29	 178.38
MMM	2016-08-01	close	EWMA	 178.29	 179.32
MMM	2016-08-01	close	ARIMA	 178.29	 178.18
MMM	2016-08-01	close	KNN	 178.29	 175.94
MMM	2016-08-01	close	SAX	 178.29	 176.30
MMM	2016-08-01	close	LSTM	 178.29	 162.58
MMM	2016-11-01	close	MA	 164.25	 165.91
MMM	2016-11-01	close	EWMA	 164.25	 166.19
MMM	2016-11-01	close	ARIMA	 164.25	 165.34
MMM	2016-11-01	close	KNN	 164.25	 179.17
MMM	2016-11-01	close	SAX	 164.25	 173.52
MMM	2016-11-01	close	LSTM	 164.25	 165.81
MMM	2017-02-01	close	MA	 175.17	 176.25
MMM	2017-02-01	close	EWMA	 175.17	 175.93
MMM	2017-02-01	close	ARIMA	 175.17	 174.85
MMM	2017-02-01	close	KNN	 175.17	 174.94
MMM	2017-02-01	close	SAX	 175.17	 178.43
MMM	2017-02-01	close	LSTM	 175.17	 168.20
MMM	2017-05-01	close	MA	 194.81	 195.26
MMM	2017-05-01	close	EWMA	 194.81	 196.57
MMM	2017-05-01	close	ARIMA	 194.81	 195.70
MMM	2017-05-01	close	KNN	 194.81	 189.94
MMM	2017-05-01	close	SAX	 194.81	 191.44
MMM	2017-05-01	close	LSTM	 194.81	 171.94
MMM	2017-08-01	close	MA	 207.65	 199.87
MMM	2017-08-01	close	EWMA	 207.65	 201.52
MMM	2017-08-01	close	ARIMA	 207.65	 201.09
MMM	2017-08-01	close	KNN	 207.65	 206.03
MMM	2017-08-01	close	SAX	 207.65	 203.79
MMM	2017-08-01	close	LSTM	 207.65	 177.78
MMM	2017-11-01	close	MA	 230.18	 233.36
MMM	2017-11-01	close	EWMA	 230.18	 232.42
MMM	2017-11-01	close	ARIMA	 230.18	 230.12
MMM	2017-11-01	close	KNN	 230.18	 209.39
MMM	2017-11-01	close	SAX	 230.18	 207.77
MMM	2017-11-01	close	LSTM	 230.18	 183.66
GE	2013-05-01	close	MA	  -1.00	   0.00
GE	2013-05-01	close	EWMA	  -1.00	   0.00
GE	2013-05-01	close	ARIMA	  -1.00	   0.00
GE	2013-05-01	close	KNN	  -1.00	   0.00
GE	2013-05-01	close	SAX	  -1.00	   0.00
GE	2013-05-01	close	LSTM	  -1.00	   0.00
GE	2013-08-01	close	MA	  24.62	  24.54
GE	2013-08-01	close	EWMA	  24.62	  24.44
GE	2013-08-01	close	ARIMA	  24.62	  24.28
GE	2013-08-01	close	KNN	  24.62	  22.91
GE	2013-08-01	close	SAX	  24.62	  23.33
GE	2013-08-01	close	LSTM	  24.62	  23.31
GE	2013-11-01	close	MA	  26.54	  26.14
GE	2013-11-01	close	EWMA	  26.54	  26.35
GE	2013-11-01	close	ARIMA	  26.54	  26.02
GE	2013-11-01	close	KNN	  26.54	  24.18
GE	2013-11-01	close	SAX	  26.54	  23.85
GE	2013-11-01	close	LSTM	  26.54	  23.29
GE	2014-02-03	close	MA	  24.35	  25.29
GE	2014-02-03	close	EWMA	  24.35	  25.29
GE	2014-02-03	close	ARIMA	  24.35	  25.12
GE	2014-02-03	close	KNN	  24.35	  26.05
GE	2014-02-03	close	SAX	  24.35	  25.97
GE	2014-02-03	close	LSTM	  24.35	  23.76
GE	2014-05-01	close	MA	  26.77	  26.70
GE	2014-05-01	close	EWMA	  26.77	  26.30
GE	2014-05-01	close	ARIMA	  26.77	  26.89
GE	2014-05-01	close	KNN	  26.77	  25.69
GE	2014-05-01	close	SAX	  26.77	  25.86
GE	2014-05-01	close	LSTM	  26.77	  26.18
GE	2014-08-01	close	MA	  25.35	  25.52
GE	2014-08-01	close	EWMA	  25.35	  25.13
GE	2014-08-01	close	ARIMA	  25.35	  25.09
GE	2014-08-01	close	KNN	  25.35	  26.73
GE	2014-08-01	close	SAX	  25.35	  26.84
GE	2014-08-01	close	LSTM	  25.35	  25.69
GE	2014-11-03	close	MA	  25.70	  25.71
GE	2014-11-03	close	EWMA	  25.70	  25.68
GE	2014-11-03	close	ARIMA	  25.70	  25.83
GE	2014-11-03	close	KNN	  25.70	  25.63
GE	2014-11-03	close	SAX	  25.70	  25.73
GE	2014-11-03	close	LSTM	  25.70	  25.74
GE	2015-02-02	close	MA	  24.21	  24.16
GE	2015-02-02	close	EWMA	  24.21	  23.88
GE	2015-02-02	close	ARIMA	  24.21	  23.95
GE	2015-02-02	close	KNN	  24.21	  26.66
GE	2015-02-02	close	SAX	  24.21	  26.10
GE	2015-02-02	close	LSTM	  24.21	  23.74
GE	2015-05-01	close	MA	  27.31	  26.99
GE	2015-05-01	close	EWMA	  27.31	  27.20
GE	2015-05-01	close	ARIMA	  27.31	  27.02
GE	2015-05-01	close	KNN	  27.31	  25.51
GE	2015-05-01	close	SAX	  27.31	  24.93
GE	2015-05-01	close	LSTM	  27.31	  26.55
GE	2015-08-03	close	MA	  25.87	  26.11
GE	2015-08-03	close	EWMA	  25.87	  26.10
GE	2015-08-03	close	ARIMA	  25.87	  26.09
GE	2015-08-03	close	KNN	  25.87	  27.43
GE	2015-08-03	close	SAX	  25.87	  26.88
GE	2015-08-03	close	LSTM	  25.87	  26.00
GE	2015-11-02	close	MA	  29.40	  29.33
GE	2015-11-02	close	EWMA	  29.40	  28.92
GE	2015-11-02	close	ARIMA	  29.40	  28.83
GE	2015-11-02	close	KNN	  29.40	  27.18
GE	2015-11-02	close	SAX	  29.40	  28.34
GE	2015-11-02	close	LSTM	  29.40	  26.90
GE	2016-02-01	close	MA	  28.64	  28.33
GE	2016-02-01	close	EWMA	  28.64	  29.04
GE	2016-02-01	close	ARIMA	  28.64	  29.07
GE	2016-02-01	close	KNN	  28.64	  30.41
GE	2016-02-01	close	SAX	  28.64	  29.51
GE	2016-02-01	close	LSTM	  28.64	  25.81
GE	2016-05-02	close	MA	  30.89	  30.83
GE	2016-05-02	close	EWMA	  30.89	  30.58
GE	2016-05-02	close	ARIMA	  30.89	  30.72
GE	2016-05-02	close	KNN	  30.89	  28.67
GE	2016-05-02	close	SAX	  30.89	  29.79
GE	2016-05-02	close	LSTM	  30.89	  28.26
GE	2016-08-01	close	MA	  31.15	  31.36
GE	2016-08-01	close	EWMA	  31.15	  31.08
GE	2016-08-01	close	ARIMA	  31.15	  31.11
GE	2016-08-01	close	KNN	  31.15	  32.17
GE	2016-08-01	close	SAX	  31.15	  32.82
GE	2016-08-01	close	LSTM	  31.15	  28.84
GE	2016-11-01	close	MA	  28.88	  28.89
GE	2016-11-01	close	EWMA	  28.88	  29.03
GE	2016-11-01	close	ARIMA	  28.88	  29.14
GE	2016-11-01	close	KNN	  28.88	  29.67
GE	2016-11-01	close	SAX	  28.88	  30.51
GE	2016-11-01	close	LSTM	  28.88	  29.20
GE	2017-02-01	close	MA	  29.69	  30.07
GE	2017-02-01	close	EWMA	  29.69	  29.83
GE	2017-02-01	close	ARIMA	  29.69	  29.71
GE	2017-02-01	close	KNN	  29.69	  30.38
GE	2017-02-01	close	SAX	  29.69	  30.74
GE	2017-02-01	close	LSTM	  29.69	  29.58
GE	2017-05-01	close	MA	  28.94	  29.27
GE	2017-05-01	close	EWMA	  28.94	  29.01
GE	2017-05-01	close	ARIMA	  28.94	  29.04
GE	2017-05-01	close	KNN	  28.94	  29.87
GE	2017-05-01	close	SAX	  28.94	  29.82
GE	2017-05-01	close	LSTM	  28.94	  29.75
GE	2017-08-01	close	MA	  25.44	  25.59
GE	2017-08-01	close	EWMA	  25.44	  25.63
GE	2017-08-01	close	ARIMA	  25.44	  25.65
GE	2017-08-01	close	KNN	  25.44	  27.17
GE	2017-08-01	close	SAX	  25.44	  26.97
GE	2017-08-01	close	LSTM	  25.44	  26.06
GE	2017-11-01	close	MA	  20.02	  20.84
GE	2017-11-01	close	EWMA	  20.02	  20.22
GE	2017-11-01	close	ARIMA	  20.02	  28.08
GE	2017-11-01	close	KNN	  20.02	  24.73
GE	2017-11-01	close	SAX	  20.02	  24.39
GE	2017-11-01	close	LSTM	  20.02	  24.45
IBM	2013-05-01	close	MA	  -1.00	   0.00
IBM	2013-05-01	close	EWMA	  -1.00	   0.00
IBM	2013-05-01	close	ARIMA	  -1.00	   0.00
IBM	2013-05-01	close	KNN	  -1.00	   0.00
IBM	2013-05-01	close	SAX	  -1.00	   0.00
IBM	2013-05-01	close	LSTM	  -1.00	   0.00
IBM	2013-08-01	close	MA	 195.81	 196.37
IBM	2013-08-01	close	EWMA	 195.81	 197.58
IBM	2013-08-01	close	ARIMA	 195.81	 195.49
IBM	2013-08-01	close	KNN	 195.81	 202.97
IBM	2013-08-01	close	SAX	 195.81	 205.50
IBM	2013-08-01	close	LSTM	 195.81	 209.61
IBM	2013-11-01	close	MA	 179.23	 179.14
IBM	2013-11-01	close	EWMA	 179.23	 181.21
IBM	2013-11-01	close	ARIMA	 179.23	 179.59
IBM	2013-11-01	close	KNN	 179.23	 189.20
IBM	2013-11-01	close	SAX	 179.23	 182.34
IBM	2013-11-01	close	LSTM	 179.23	  -1.00
IBM	2014-02-03	close	MA	 172.90	 177.04
IBM	2014-02-03	close	EWMA	 172.90	 178.49
IBM	2014-02-03	close	ARIMA	 172.90	 176.97
IBM	2014-02-03	close	KNN	 172.90	 182.18
IBM	2014-02-03	close	SAX	 172.90	 182.98
IBM	2014-02-03	close	LSTM	 172.90	 203.97
IBM	2014-05-01	close	MA	 193.53	 192.91
IBM	2014-05-01	close	EWMA	 193.53	 189.44
IBM	2014-05-01	close	ARIMA	 193.53	 196.32
IBM	2014-05-01	close	KNN	 193.53	 185.72
IBM	2014-05-01	close	SAX	 193.53	 188.04
IBM	2014-05-01	close	LSTM	 193.53	 202.31
IBM	2014-08-01	close	MA	 189.15	 194.08
IBM	2014-08-01	close	EWMA	 189.15	 189.89
IBM	2014-08-01	close	ARIMA	 189.15	 191.39
IBM	2014-08-01	close	KNN	 189.15	 187.02
IBM	2014-08-01	close	SAX	 189.15	 190.38
IBM	2014-08-01	close	LSTM	 189.15	 195.42
IBM	2014-11-03	close	MA	 164.36	 163.54
IBM	2014-11-03	close	EWMA	 164.36	 162.65
IBM	2014-11-03	close	ARIMA	 164.36	 164.80
IBM	2014-11-03	close	KNN	 164.36	 189.73
IBM	2014-11-03	close	SAX	 164.36	 188.51
IBM	2014-11-03	close	LSTM	 164.36	 180.18
IBM	2015-02-02	close	MA	 154.66	 154.07
IBM	2015-02-02	close	EWMA	 154.66	 154.28
IBM	2015-02-02	close	ARIMA	 154.66	 153.50
IBM	2015-02-02	close	KNN	 154.66	 162.08
IBM	2015-02-02	close	SAX	 154.66	 159.00
IBM	2015-02-02	close	LSTM	 154.66	 172.83
IBM	2015-05-01	close	MA	 173.67	 172.02
IBM	2015-05-01	close	EWMA	 173.67	 172.51
IBM	2015-05-01	close	ARIMA	 173.67	 171.35
IBM	2015-05-01	close	KNN	 173.67	 162.86
IBM	2015-05-01	close	SAX	 173.67	 160.16
IBM	2015-05-01	close	LSTM	 173.67	  -1.00
IBM	2015-08-03	close	MA	 158.71	 160.63
IBM	2015-08-03	close	EWMA	 158.71	 160.49
IBM	2015-08-03	close	ARIMA	 158.71	 162.11
IBM	2015-08-03	close	KNN	 158.71	 167.02
IBM	2015-08-03	close	SAX	 158.71	 163.19
IBM	2015-08-03	close	LSTM	 158.71	 167.15
IBM	2015-11-02	close	MA	 140.37	 140.60
IBM	2015-11-02	close	EWMA	 140.37	 138.87
IBM	2015-11-02	close	ARIMA	 140.37	 140.52
IBM	2015-11-02	close	KNN	 140.37	 154.34
IBM	2015-11-02	close	SAX	 140.37	 150.26
IBM	2015-11-02	close	LSTM	 140.37	 161.71
IBM	2016-02-01	close	MA	 124.83	 122.53
IBM	2016-02-01	close	EWMA	 124.83	 123.72
IBM	2016-02-01	close	ARIMA	 124.83	 124.99
IBM	2016-02-01	close	KNN	 124.83	 136.32
IBM	2016-02-01	close	SAX	 124.83	 133.25
IBM	2016-02-01	close	LSTM	 124.83	 155.04
IBM	2016-05-02	close	MA	 145.27	 148.27
IBM	2016-05-02	close	EWMA	 145.27	 146.98
IBM	2016-05-02	close	ARIMA	 145.27	 146.00
IBM	2016-05-02	close	KNN	 145.27	 145.48
IBM	2016-05-02	close	SAX	 145.27	 146.23
IBM	2016-05-02	close	LSTM	 145.27	 150.98
IBM	2016-08-01	close	MA	 161.45	 161.72
IBM	2016-08-01	close	EWMA	 161.45	 158.47
IBM	2016-08-01	close	ARIMA	 161.45	 160.53
IBM	2016-08-01	close	KNN	 161.45	 151.57
IBM	2016-08-01	close	SAX	 161.45	 150.42
IBM	2016-08-01	close	LSTM	 161.45	 161.60
IBM	2016-11-01	close	MA	 152.79	 152.47
IBM	2016-11-01	close	EWMA	 152.79	 152.04
IBM	2016-11-01	close	ARIMA	 152.79	 153.58
IBM	2016-11-01	close	KNN	 152.79	 160.98
IBM	2016-11-01	close	SAX	 152.79	 155.53
IBM	2016-11-01	close	LSTM	 152.79	 149.19
IBM	2017-02-01	close	MA	 174.29	 176.91
IBM	2017-02-01	close	EWMA	 174.29	 176.08
IBM	2017-02-01	close	ARIMA	 174.29	 174.43
IBM	2017-02-01	close	KNN	 174.29	 164.88
IBM	2017-02-01	close	SAX	 174.29	 170.54
IBM	2017-02-01	close	LSTM	 174.29	 178.96
IBM	2017-05-01	close	MA	 158.84	 160.36
IBM	2017-05-01	close	EWMA	 158.84	 159.73
IBM	2017-05-01	close	ARIMA	 158.84	 160.28
IBM	2017-05-01	close	KNN	 158.84	 176.38
IBM	2017-05-01	close	SAX	 158.84	 170.71
IBM	2017-05-01	close	LSTM	 158.84	 161.25
IBM	2017-08-01	close	MA	 145.16	 145.12
IBM	2017-08-01	close	EWMA	 145.16	 145.88
IBM	2017-08-01	close	ARIMA	 145.16	 144.88
IBM	2017-08-01	close	KNN	 145.16	 154.03
IBM	2017-08-01	close	SAX	 145.16	 148.70
IBM	2017-08-01	close	LSTM	 145.16	 149.37
IBM	2017-11-01	close	MA	 154.03	 153.84
IBM	2017-11-01	close	EWMA	 154.03	 155.43
IBM	2017-11-01	close	ARIMA	 154.03	 154.09
IBM	2017-11-01	close	KNN	 154.03	 144.73
IBM	2017-11-01	close	SAX	 154.03	 149.59
IBM	2017-11-01	close	LSTM	 154.03	 159.02
INTC	2013-05-01	close	MA	  -1.00	   0.00
INTC	2013-05-01	close	EWMA	  -1.00	   0.00
INTC	2013-05-01	close	ARIMA	  -1.00	   0.00
INTC	2013-05-01	close	KNN	  -1.00	   0.00
INTC	2013-05-01	close	SAX	  -1.00	   0.00
INTC	2013-05-01	close	LSTM	  -1.00	   0.00
INTC	2013-08-01	close	MA	  23.20	  23.26
INTC	2013-08-01	close	EWMA	  23.20	  23.59
INTC	2013-08-01	close	ARIMA	  23.20	  23.32
INTC	2013-08-01	close	KNN	  23.20	  24.06
INTC	2013-08-01	close	SAX	  23.20	  23.83
INTC	2013-08-01	close	LSTM	  23.20	  21.53
INTC	2013-11-01	close	MA	  24.32	  24.42
INTC	2013-11-01	close	EWMA	  24.32	  24.66
INTC	2013-11-01	close	ARIMA	  24.32	  24.43
INTC	2013-11-01	close	KNN	  24.32	  22.78
INTC	2013-11-01	close	SAX	  24.32	  23.32
INTC	2013-11-01	close	LSTM	  24.32	  24.15
INTC	2014-02-03	close	MA	  23.95	  24.72
INTC	2014-02-03	close	EWMA	  23.95	  24.70
INTC	2014-02-03	close	ARIMA	  23.95	  24.51
INTC	2014-02-03	close	KNN	  23.95	  25.37
INTC	2014-02-03	close	SAX	  23.95	  25.08
INTC	2014-02-03	close	LSTM	  23.95	  24.04
INTC	2014-05-01	close	MA	  26.45	  26.50
INTC	2014-05-01	close	EWMA	  26.45	  27.00
INTC	2014-05-01	close	ARIMA	  26.45	  26.64
INTC	2014-05-01	close	KNN	  26.45	  26.29
INTC	2014-05-01	close	SAX	  26.45	  26.81
INTC	2014-05-01	close	LSTM	  26.45	  24.47
INTC	2014-08-01	close	MA	  33.74	  34.18
INTC	2014-08-01	close	EWMA	  33.74	  34.27
INTC	2014-08-01	close	ARIMA	  33.74	  25.61
INTC	2014-08-01	close	KNN	  33.74	  30.37
INTC	2014-08-01	close	SAX	  33.74	  31.28
INTC	2014-08-01	close	LSTM	  33.74	  -1.00
INTC	2014-11-03	close	MA	  34.31	  33.49
INTC	2014-11-03	close	EWMA	  34.31	  34.08
INTC	2014-11-03	close	ARIMA	  34.31	  33.85
INTC	2014-11-03	close	KNN	  34.31	  33.63
INTC	2014-11-03	close	SAX	  34.31	  34.80
INTC	2014-11-03	close	LSTM	  34.31	  30.19
INTC	2015-02-02	close	MA	  33.65	  34.20
INTC	2015-02-02	close	EWMA	  33.65	  33.48
INTC	2015-02-02	close	ARIMA	  33.65	  33.02
INTC	2015-02-02	close	KNN	  33.65	  35.27
INTC	2015-02-02	close	SAX	  33.65	  36.36
INTC	2015-02-02	close	LSTM	  33.65	  32.24
INTC	2015-05-01	close	MA	  33.42	  32.61
INTC	2015-05-01	close	EWMA	  33.42	  32.84
INTC	2015-05-01	close	ARIMA	  33.42	  32.58
INTC	2015-05-01	close	KNN	  33.42	  32.74
INTC	2015-05-01	close	SAX	  33.42	  33.16
INTC	2015-05-01	close	LSTM	  33.42	  32.81
INTC	2015-08-03	close	MA	  29.05	  28.84
INTC	2015-08-03	close	EWMA	  29.05	  28.74
INTC	2015-08-03	close	ARIMA	  29.05	  29.04
INTC	2015-08-03	close	KNN	  29.05	  32.42
INTC	2015-08-03	close	SAX	  29.05	  29.99
INTC	2015-08-03	close	LSTM	  29.05	  33.04
INTC	2015-11-02	close	MA	  34.11	  34.33
INTC	2015-11-02	close	EWMA	  34.11	  33.89
INTC	2015-11-02	close	ARIMA	  34.11	  33.83
INTC	2015-11-02	close	KNN	  34.11	  29.09
INTC	2015-11-02	close	SAX	  34.11	  31.21
INTC	2015-11-02	close	LSTM	  34.11	  23.81
INTC	2016-02-01	close	MA	  30.82	  30.07
INTC	2016-02-01	close	EWMA	  30.82	  30.74
INTC	2016-02-01	close	ARIMA	  30.82	  31.05
INTC	2016-02-01	close	KNN	  30.82	  32.86
INTC	2016-02-01	close	SAX	  30.82	  32.45
INTC	2016-02-01	close	LSTM	  30.82	  28.84
INTC	2016-05-02	close	MA	  30.61	  31.19
INTC	2016-05-02	close	EWMA	  30.61	  30.41
INTC	2016-05-02	close	ARIMA	  30.61	  30.31
INTC	2016-05-02	close	KNN	  30.61	  29.50
INTC	2016-05-02	close	SAX	  30.61	  31.63
INTC	2016-05-02	close	LSTM	  30.61	  31.00
INTC	2016-08-01	close	MA	  34.85	  34.85
INTC	2016-08-01	close	EWMA	  34.85	  34.54
INTC	2016-08-01	close	ARIMA	  34.85	  34.79
INTC	2016-08-01	close	KNN	  34.85	  29.98
INTC	2016-08-01	close	SAX	  34.85	  33.08
INTC	2016-08-01	close	LSTM	  34.85	  33.67
INTC	2016-11-01	close	MA	  34.52	  34.89
INTC	2016-11-01	close	EWMA	  34.52	  34.62
INTC	2016-11-01	close	ARIMA	  34.52	  34.84
INTC	2016-11-01	close	KNN	  34.52	  36.56
INTC	2016-11-01	close	SAX	  34.52	  37.70
INTC	2016-11-01	close	LSTM	  34.52	  34.31
INTC	2017-02-01	close	MA	  36.52	  37.52
INTC	2017-02-01	close	EWMA	  36.52	  37.03
INTC	2017-02-01	close	ARIMA	  36.52	  36.79
INTC	2017-02-01	close	KNN	  36.52	  36.31
INTC	2017-02-01	close	SAX	  36.52	  35.77
INTC	2017-02-01	close	LSTM	  36.52	  34.79
INTC	2017-05-01	close	MA	  36.31	  36.83
INTC	2017-05-01	close	EWMA	  36.31	  36.24
INTC	2017-05-01	close	ARIMA	  36.31	  36.12
INTC	2017-05-01	close	KNN	  36.31	  35.98
INTC	2017-05-01	close	SAX	  36.31	  36.11
INTC	2017-05-01	close	LSTM	  36.31	  35.17
INTC	2017-08-01	close	MA	  36.43	  35.03
INTC	2017-08-01	close	EWMA	  36.43	  35.14
INTC	2017-08-01	close	ARIMA	  36.43	  35.47
INTC	2017-08-01	close	KNN	  36.43	  34.09
INTC	2017-08-01	close	SAX	  36.43	  35.29
INTC	2017-08-01	close	LSTM	  36.43	  35.44
INTC	2017-11-01	close	MA	  46.71	  43.28
INTC	2017-11-01	close	EWMA	  46.71	  45.18
INTC	2017-11-01	close	ARIMA	  46.71	  36.15
INTC	2017-11-01	close	KNN	  46.71	  36.90
INTC	2017-11-01	close	SAX	  46.71	  36.43
INTC	2017-11-01	close	LSTM	  46.71	  35.96
PKG	2013-05-01	close	MA	  -1.00	   0.00
PKG	2013-05-01	close	EWMA	  -1.00	   0.00
PKG	2013-05-01	close	ARIMA	  -1.00	   0.00
PKG	2013-05-01	close	KNN	  -1.00	   0.00
PKG	2013-05-01	close	SAX	  -1.00	   0.00
PKG	2013-05-01	close	LSTM	  -1.00	   0.00
PKG	2013-08-01	close	MA	  55.08	  53.30
PKG	2013-08-01	close	EWMA	  55.08	  54.66
PKG	2013-08-01	close	ARIMA	  55.08	  53.75
PKG	2013-08-01	close	KNN	  55.08	  49.99
PKG	2013-08-01	close	SAX	  55.08	  52.41
PKG	2013-08-01	close	LSTM	  55.08	  48.47
PKG	2013-11-01	close	MA	  62.61	  62.04
PKG	2013-11-01	close	EWMA	  62.61	  63.77
PKG	2013-11-01	close	ARIMA	  62.61	  62.24
PKG	2013-11-01	close	KNN	  62.61	  57.54
PKG	2013-11-01	close	SAX	  62.61	  55.07
PKG	2013-11-01	close	LSTM	  62.61	  44.55
PKG	2014-02-03	close	MA	  62.36	  63.52
PKG	2014-02-03	close	EWMA	  62.36	  64.95
PKG	2014-02-03	close	ARIMA	  62.36	  64.46
PKG	2014-02-03	close	KNN	  62.36	  60.60
PKG	2014-02-03	close	SAX	  62.36	  63.16
PKG	2014-02-03	close	LSTM	  62.36	  60.50
PKG	2014-05-01	close	MA	  66.26	  66.13
PKG	2014-05-01	close	EWMA	  66.26	  66.65
PKG	2014-05-01	close	ARIMA	  66.26	  66.58
PKG	2014-05-01	close	KNN	  66.26	  71.16
PKG	2014-05-01	close	SAX	  66.26	  67.54
PKG	2014-05-01	close	LSTM	  66.26	  52.53
PKG	2014-08-01	close	MA	  66.49	  67.09
PKG	2014-08-01	close	EWMA	  66.49	  66.88
PKG	2014-08-01	close	ARIMA	  66.49	  66.21
PKG	2014-08-01	close	KNN	  66.49	  68.21
PKG	2014-08-01	close	SAX	  66.49	  70.02
PKG	2014-08-01	close	LSTM	  66.49	  54.48
PKG	2014-11-03	close	MA	  71.77	  70.83
PKG	2014-11-03	close	EWMA	  71.77	  72.54
PKG	2014-11-03	close	ARIMA	  71.77	  72.28
PKG	2014-11-03	close	KNN	  71.77	  65.95
PKG	2014-11-03	close	SAX	  71.77	  67.02
PKG	2014-11-03	close	LSTM	  71.77	  50.65
PKG	2015-02-02	close	MA	  75.34	  77.35
PKG	2015-02-02	close	EWMA	  75.34	  75.83
PKG	2015-02-02	close	ARIMA	  75.34	  75.71
PKG	2015-02-02	close	KNN	  75.34	  76.82
PKG	2015-02-02	close	SAX	  75.34	  80.39
PKG	2015-02-02	close	LSTM	  75.34	  66.33
PKG	2015-05-01	close	MA	  69.87	  69.08
PKG	2015-05-01	close	EWMA	  69.87	  70.11
PKG	2015-05-01	close	ARIMA	  69.87	  69.18
PKG	2015-05-01	close	KNN	  69.87	  69.91
PKG	2015-05-01	close	SAX	  69.87	  79.22
PKG	2015-05-01	close	LSTM	  69.87	  68.40
PKG	2015-08-03	close	MA	  70.04	  70.27
PKG	2015-08-03	close	EWMA	  70.04	  69.83
PKG	2015-08-03	close	ARIMA	  70.04	  70.79
PKG	2015-08-03	close	KNN	  70.04	  64.48
PKG	2015-08-03	close	SAX	  70.04	  70.01
PKG	2015-08-03	close	LSTM	  70.04	  68.61
PKG	2015-11-02	close	MA	  69.15	  67.71
PKG	2015-11-02	close	EWMA	  69.15	  69.45
PKG	2015-11-02	close	ARIMA	  69.15	  68.50
PKG	2015-11-02	close	KNN	  69.15	  65.41
PKG	2015-11-02	close	SAX	  69.15	  65.30
PKG	2015-11-02	close	LSTM	  69.15	  68.69
PKG	2016-02-01	close	MA	  51.01	  49.88
PKG	2016-02-01	close	EWMA	  51.01	  50.57
PKG	2016-02-01	close	ARIMA	  51.01	  50.98
PKG	2016-02-01	close	KNN	  51.01	  65.99
PKG	2016-02-01	close	SAX	  51.01	  61.73
PKG	2016-02-01	close	LSTM	  51.01	  54.55
PKG	2016-05-02	close	MA	  66.12	  65.59
PKG	2016-05-02	close	EWMA	  66.12	  64.35
PKG	2016-05-02	close	ARIMA	  66.12	  64.90
PKG	2016-05-02	close	KNN	  66.12	  53.76
PKG	2016-05-02	close	SAX	  66.12	  62.55
PKG	2016-05-02	close	LSTM	  66.12	  63.49
PKG	2016-08-01	close	MA	  74.43	  74.80
PKG	2016-08-01	close	EWMA	  74.43	  74.36
PKG	2016-08-01	close	ARIMA	  74.43	  74.55
PKG	2016-08-01	close	KNN	  74.43	  70.20
PKG	2016-08-01	close	SAX	  74.43	  69.26
PKG	2016-08-01	close	LSTM	  74.43	  73.25
PKG	2016-11-01	close	MA	  80.33	  81.38
PKG	2016-11-01	close	EWMA	  80.33	  81.67
PKG	2016-11-01	close	ARIMA	  80.33	  82.32
PKG	2016-11-01	close	KNN	  80.33	  77.40
PKG	2016-11-01	close	SAX	  80.33	  80.17
PKG	2016-11-01	close	LSTM	  80.33	  55.05
PKG	2017-02-01	close	MA	  93.10	  93.26
PKG	2017-02-01	close	EWMA	  93.10	  92.15
PKG	2017-02-01	close	ARIMA	  93.10	  92.13
PKG	2017-02-01	close	KNN	  93.10	  86.54
PKG	2017-02-01	close	SAX	  93.10	  86.78
PKG	2017-02-01	close	LSTM	  93.10	  77.04
PKG	2017-05-01	close	MA	  98.63	  96.40
PKG	2017-05-01	close	EWMA	  98.63	  99.05
PKG	2017-05-01	close	ARIMA	  98.63	  98.82
PKG	2017-05-01	close	KNN	  98.63	  94.79
PKG	2017-05-01	close	SAX	  98.63	  92.02
PKG	2017-05-01	close	LSTM	  98.63	  79.88
PKG	2017-08-01	close	MA	 110.05	 109.44
PKG	2017-08-01	close	EWMA	 110.05	 108.50
PKG	2017-08-01	close	ARIMA	 110.05	 109.48
PKG	2017-08-01	close	KNN	 110.05	 104.11
PKG	2017-08-01	close	SAX	 110.05	 104.71
PKG	2017-08-01	close	LSTM	 110.05	  69.96
PKG	2017-11-01	close	MA	 116.57	 117.09
PKG	2017-11-01	close	EWMA	 116.57	 115.96
PKG	2017-11-01	close	ARIMA	 116.57	 116.21
PKG	2017-11-01	close	KNN	 116.57	 116.27
PKG	2017-11-01	close	SAX	 116.57	 116.82
PKG	2017-11-01	close	LSTM	 116.57	  89.55
MON	2013-05-01	close	MA	  -1.00	   0.00
MON	2013-05-01	close	EWMA	  -1.00	   0.00
MON	2013-05-01	close	ARIMA	  -1.00	   0.00
MON	2013-05-01	close	KNN	  -1.00	   0.00
MON	2013-05-01	close	SAX	  -1.00	   0.00
MON	2013-05-01	close	LSTM	  -1.00	   0.00
MON	2013-08-01	close	MA	  97.37	 100.40
MON	2013-08-01	close	EWMA	  97.37	  99.76
MON	2013-08-01	close	ARIMA	  97.37	  99.34
MON	2013-08-01	close	KNN	  97.37	 105.84
MON	2013-08-01	close	SAX	  97.37	 106.26
MON	2013-08-01	close	LSTM	  97.37	 100.69
MON	2013-11-01	close	MA	 105.15	 106.73
MON	2013-11-01	close	EWMA	 105.15	 105.69
MON	2013-11-01	close	ARIMA	 105.15	 104.72
MON	2013-11-01	close	KNN	 105.15	 101.09
MON	2013-11-01	close	SAX	 105.15	 102.33
MON	2013-11-01	close	LSTM	 105.15	 104.38
MON	2014-02-03	close	MA	 104.63	 107.28
MON	2014-02-03	close	EWMA	 104.63	 107.64
MON	2014-02-03	close	ARIMA	 104.63	 106.49
MON	2014-02-03	close	KNN	 104.63	 110.72
MON	2014-02-03	close	SAX	 104.63	 110.75
MON	2014-02-03	close	LSTM	 104.63	 107.15
MON	2014-05-01	close	MA	 110.24	 110.34
MON	2014-05-01	close	EWMA	 110.24	 110.78
MON	2014-05-01	close	ARIMA	 110.24	 110.59
MON	2014-05-01	close	KNN	 110.24	 113.62
MON	2014-05-01	close	SAX	 110.24	 113.23
MON	2014-05-01	close	LSTM	 110.24	 108.58
MON	2014-08-01	close	MA	 114.91	 114.53
MON	2014-08-01	close	EWMA	 114.91	 113.36
MON	2014-08-01	close	ARIMA	 114.91	 113.04
MON	2014-08-01	close	KNN	 114.91	 118.95
MON	2014-08-01	close	SAX	 114.91	 120.86
MON	2014-08-01	close	LSTM	 114.91	 111.65
MON	2014-11-03	close	MA	 113.93	 113.44
MON	2014-11-03	close	EWMA	 113.93	 115.22
MON	2014-11-03	close	ARIMA	 113.93	 114.98
MON	2014-11-03	close	KNN	 113.93	 113.66
MON	2014-11-03	close	SAX	 113.93	 114.33
MON	2014-11-03	close	LSTM	 113.93	 112.34
MON	2015-02-02	close	MA	 118.88	 118.31
MON	2015-02-02	close	EWMA	 118.88	 117.75
MON	2015-02-02	close	ARIMA	 118.88	 117.89
MON	2015-02-02	close	KNN	 118.88	 119.29
MON	2015-02-02	close	SAX	 118.88	 118.10
MON	2015-02-02	close	LSTM	 118.88	 117.50
MON	2015-05-01	close	MA	 118.44	 116.02
MON	2015-05-01	close	EWMA	 118.44	 114.07
MON	2015-05-01	close	ARIMA	 118.44	 114.08
MON	2015-05-01	close	KNN	 118.44	 119.35
MON	2015-05-01	close	SAX	 118.44	 115.46
MON	2015-05-01	close	LSTM	 118.44	 114.58
MON	2015-08-03	close	MA	 102.28	 102.00
MON	2015-08-03	close	EWMA	 102.28	 102.48
MON	2015-08-03	close	ARIMA	 102.28	 102.22
MON	2015-08-03	close	KNN	 102.28	 114.40
MON	2015-08-03	close	SAX	 102.28	 105.63
MON	2015-08-03	close	LSTM	 102.28	 104.50
MON	2015-11-02	close	MA	  93.15	  92.44
MON	2015-11-02	close	EWMA	  93.15	  93.32
MON	2015-11-02	close	ARIMA	  93.15	  93.32
MON	2015-11-02	close	KNN	  93.15	  98.80
MON	2015-11-02	close	SAX	  93.15	  95.09
MON	2015-11-02	close	LSTM	  93.15	 101.25
MON	2016-02-01	close	MA	  90.13	  88.37
MON	2016-02-01	close	EWMA	  90.13	  90.49
MON	2016-02-01	close	ARIMA	  90.13	  90.69
MON	2016-02-01	close	KNN	  90.13	  95.11
MON	2016-02-01	close	SAX	  90.13	  92.83
MON	2016-02-01	close	LSTM	  90.13	  99.39
MON	2016-05-02	close	MA	  95.65	  93.99
MON	2016-05-02	close	EWMA	  95.65	  93.64
MON	2016-05-02	close	ARIMA	  95.65	  93.76
MON	2016-05-02	close	KNN	  95.65	  90.02
MON	2016-05-02	close	SAX	  95.65	  88.31
MON	2016-05-02	close	LSTM	  95.65	  97.03
MON	2016-08-01	close	MA	 105.80	 106.18
MON	2016-08-01	close	EWMA	 105.80	 106.69
MON	2016-08-01	close	ARIMA	 105.80	 106.56
MON	2016-08-01	close	KNN	 105.80	 104.65
MON	2016-08-01	close	SAX	 105.80	 106.04
MON	2016-08-01	close	LSTM	 105.80	 106.85
MON	2016-11-01	close	MA	 100.69	 101.10
MON	2016-11-01	close	EWMA	 100.69	 100.46
MON	2016-11-01	close	ARIMA	 100.69	 100.69
MON	2016-11-01	close	KNN	 100.69	 105.83
MON	2016-11-01	close	SAX	 100.69	 105.32
MON	2016-11-01	close	LSTM	 100.69	 102.42
MON	2017-02-01	close	MA	 108.46	 109.38
MON	2017-02-01	close	EWMA	 108.46	 108.48
MON	2017-02-01	close	ARIMA	 108.46	 108.15
MON	2017-02-01	close	KNN	 108.46	 101.98
MON	2017-02-01	close	SAX	 108.46	 108.38
MON	2017-02-01	close	LSTM	 108.46	 110.68
MON	2017-05-01	close	MA	 116.87	 116.56
MON	2017-05-01	close	EWMA	 116.87	 116.88
MON	2017-05-01	close	ARIMA	 116.87	 116.50
MON	2017-05-01	close	KNN	 116.87	 110.51
MON	2017-05-01	close	SAX	 116.87	 112.37
MON	2017-05-01	close	LSTM	 116.87	 116.09
MON	2017-08-01	close	MA	 117.84	 117.33
MON	2017-08-01	close	EWMA	 117.84	 117.55
MON	2017-08-01	close	ARIMA	 117.84	 116.78
MON	2017-08-01	close	KNN	 117.84	 117.42
MON	2017-08-01	close	SAX	 117.84	 117.94
MON	2017-08-01	close	LSTM	 117.84	 116.70
MON	2017-11-01	close	MA	 121.14	 121.37
MON	2017-11-01	close	EWMA	 121.14	 121.97
MON	2017-11-01	close	ARIMA	 121.14	 121.08
MON	2017-11-01	close	KNN	 121.14	 122.22
MON	2017-11-01	close	SAX	 121.14	 122.19
MON	2017-11-01	close	LSTM	 121.14	 117.42